Name,1991,1992,1993,1994,1995,1996,1997,1998,1999,2000,2001,2002,2003,2004,2005,2006,2007,2008,2009,2010,2011,2012,2013
Adan Morlun,,,,,,,,,,,"Abila Community College, Kronos","Abila Community College, Kronos","Abila Community College, Kronos | Armed Forces of Kronos",Armed Forces of Kronos,Armed Forces of Kronos,GASTech - Kronos,GASTech - Kronos,GASTech - Kronos,GASTech - Kronos,GASTech - Kronos,GASTech - Kronos,GASTech - Kronos,GASTech - Kronos
Albina Hafon,,,,,,,,,,,,,,"Abila Community College, Kronos","Abila Community College, Kronos","Abila Community College, Kronos | Armed Forces of Kronos",Armed Forces of Kronos,,GASTech - Kronos,GASTech - Kronos,GASTech - Kronos,GASTech - Kronos,GASTech - Kronos
Anda Ribera,,,,,,"Industrial Resources, Ltd., Tethys","Industrial Resources, Ltd., Tethys","Industrial Resources, Ltd., Tethys","Industrial Resources, Ltd., Tethys","Industrial Resources, Ltd., Tethys","Industrial Resources, Ltd., Tethys","Industrial Resources, Ltd., Tethys","Industrial Resources, Ltd., Tethys","Industrial Resources, Ltd., Tethys","Industrial Resources, Ltd., Tethys","Industrial Resources, Ltd., Tethys","Industrial Resources, Ltd., Tethys","Industrial Resources, Ltd., Tethys","Industrial Resources, Ltd., Tethys | GASTech – Kronos",GASTech – Kronos,GASTech – Kronos,GASTech – Kronos,GASTech – Kronos
Axel Calzas,,,,,,,GASTech - Kronos,GASTech - Kronos,GASTech - Kronos,GASTech - Kronos,GASTech - Kronos,GASTech - Kronos,GASTech - Kronos,GASTech - Kronos,GASTech - Kronos,GASTech - Kronos,GASTech - Kronos,GASTech - Kronos,GASTech - Kronos,GASTech - Kronos,GASTech - Kronos,GASTech - Kronos,GASTech - Kronos
Bertrand Ovan,Tethan Defense Forces,Tethan Defense Forces,Tethan Defense Forces,Tethan Defense Forces,Tethan Defense Forces,Tethan Defense Forces,Tethan Defense Forces,Tethan Defense Forces | GASTech - Kronos,GASTech - Kronos,GASTech - Kronos,GASTech - Kronos,GASTech - Kronos,GASTech - Kronos,GASTech - Kronos,GASTech - Kronos,GASTech - Kronos,GASTech - Kronos,GASTech - Kronos,GASTech - Kronos,GASTech - Kronos,GASTech - Kronos,GASTech - Kronos,GASTech - Kronos
Carla Forluniau,Kronos Military,Kronos Military,Kronos Military,Kronos Military,Kronos Military,Kronos Military,Kronos Military,Kronos Military,Kronos Military,"Onda, Inc. - Kronos","Onda, Inc. - Kronos","Onda, Inc. - Kronos","Onda, Inc. - Kronos","Onda, Inc. - Kronos","Onda, Inc. - Kronos | GASTech – Kronos","Onda, Inc. - Kronos | GASTech – Kronos","Onda, Inc. - Kronos | GASTech – Kronos","Onda, Inc. - Kronos | GASTech – Kronos","Onda, Inc. - Kronos | GASTech – Kronos","Onda, Inc. - Kronos | GASTech – Kronos",GASTech – Kronos,GASTech – Kronos,GASTech – Kronos
Claudio Hawelon,,,,,,,,,,,Armed Forces of Kronos,Armed Forces of Kronos,"Armed Forces of Kronos | On-Time Delivery, Inc.,  Kronos","On-Time Delivery, Inc.,  Kronos","On-Time Delivery, Inc.,  Kronos","On-Time Delivery, Inc.,  Kronos","On-Time Delivery, Inc.,  Kronos | GASTech - Kronos",GASTech - Kronos,GASTech - Kronos,GASTech - Kronos,GASTech - Kronos,GASTech - Kronos,GASTech - Kronos
Cornelia Lais ,,,,,,,,,,,,,,,,,,,Armed Forces - Kronos,Armed Forces - Kronos,Armed Forces - Kronos | GASTech - Kronos,GASTech - Kronos,GASTech - Kronos
Dante Coginian,Armed Forces of Kronos,"Armed Forces of Kronos | LLX Facility Management, Kronos","LLX Facility Management, Kronos","LLX Facility Management, Kronos","LLX Facility Management, Kronos | GASTech - Kronos",GASTech - Kronos,GASTech - Kronos,GASTech - Kronos,GASTech - Kronos,GASTech - Kronos,GASTech - Kronos,GASTech - Kronos,GASTech - Kronos,GASTech - Kronos,GASTech - Kronos,GASTech - Kronos,GASTech - Kronos,GASTech - Kronos,GASTech - Kronos,GASTech - Kronos,GASTech - Kronos,GASTech - Kronos,GASTech - Kronos
Elsa Orilla,,,,,,,,,,,,,,GASTech - Kronos,GASTech - Kronos,GASTech - Kronos,GASTech - Kronos,GASTech - Kronos,GASTech - Kronos,GASTech - Kronos,GASTech - Kronos,GASTech - Kronos,GASTech - Kronos
Emile Arpa,,,,,,,,,,,,,,,,,,,"Abila Community College, Kronos","Abila Community College, Kronos","Abila Community College, Kronos | Armed Forces of Kronos",Armed Forces of Kronos,GASTech - Kronos
Felix Balas,,"Dalekanium Engineering, Ltd., Tethys","Dalekanium Engineering, Ltd., Tethys","Dalekanium Engineering, Ltd., Tethys","Dalekanium Engineering, Ltd., Tethys","Dalekanium Engineering, Ltd., Tethys","Dalekanium Engineering, Ltd., Tethys","Dalekanium Engineering, Ltd., Tethys","Dalekanium Engineering, Ltd., Tethys","Dalekanium Engineering, Ltd., Tethys","Dalekanium Engineering, Ltd., Tethys","Dalekanium Engineering, Ltd., Tethys","Dalekanium Engineering, Ltd., Tethys","Dalekanium Engineering, Ltd., Tethys | GASTech - Kronos",GASTech - Kronos,GASTech - Kronos,GASTech - Kronos,GASTech - Kronos,GASTech - Kronos,GASTech - Kronos,GASTech - Kronos,GASTech - Kronos,GASTech - Kronos
Felix Resumir,Tethys Defense Force Army,Tethys Defense Force Army,Tethys Defense Force Army,Tethys Defense Force Army,Tethys Defense Force Army,Tethys Defense Force Army,Tethys Defense Force Army | Tarryn Security – Tethys,Tarryn Security – Tethys,Tarryn Security – Tethys,Tarryn Security – Tethys,Tarryn Security – Tethys,Tarryn Security – Tethys,Tarryn Security – Tethys | GASTech - Kronos,GASTech - Kronos,GASTech - Kronos,GASTech - Kronos,GASTech - Kronos,GASTech - Kronos,GASTech - Kronos,GASTech - Kronos,GASTech - Kronos,GASTech - Kronos,GASTech - Kronos
Hideki Cocinaro,,,,,,,,Tethan Defense Force,Tethan Defense Force,Tethan Defense Force,Tethan Defense Force,Tethan Defense Force,Tethan Defense Force,Tethan Defense Force,Tethan Defense Force,Tethan Defense Force,Tethan Defense Force,Tethan Defense Force,Tethan Defense Force,Tethan Defense Force | GASTech - Kronos,GASTech - Kronos,GASTech - Kronos,GASTech - Kronos
Irene Nant,,,,,,,,,,,,"Hernandez Retail Services,  Kronos","Hernandez Retail Services,  Kronos","Hernandez Retail Services,  Kronos | Armed Forces of Kronos","Armed Forces of Kronos | Hernandez Retail Services,  Kronos","Hernandez Retail Services,  Kronos","Hernandez Retail Services,  Kronos","Hernandez Retail Services,  Kronos | GASTech - Kronos",GASTech - Kronos,GASTech - Kronos,GASTech - Kronos,GASTech - Kronos,GASTech - Kronos
Isak Baza,,,,,,,,,,"Pharma, Inc – Tethys | GASTech – Kronos  ","Pharma, Inc – Tethys","Pharma, Inc – Tethys",GASTech – Kronos  ,GASTech – Kronos  ,GASTech – Kronos  ,GASTech – Kronos  ,GASTech – Kronos  ,GASTech – Kronos  ,GASTech – Kronos  ,GASTech – Kronos  ,GASTech – Kronos  ,GASTech – Kronos  ,GASTech – Kronos  
Isande Borrasca,,,,,,,,,,TO&G – Tethys,TO&G – Tethys,TO&G – Tethys,TO&G – Tethys,TO&G – Tethys | GASTech - Kronos,GASTech - Kronos,GASTech - Kronos,GASTech - Kronos,GASTech - Kronos,GASTech - Kronos,GASTech - Kronos,GASTech - Kronos,GASTech - Kronos,GASTech - Kronos
Isia Vann,,,,,,,,,,,,,"Abila Community College, Kronos","Abila Community College, Kronos",Armed Forces of Kronos,Armed Forces of Kronos,Armed Forces of Kronos | GASTech - Kronos,GASTech - Kronos,GASTech - Kronos,GASTech - Kronos,GASTech - Kronos,GASTech - Kronos,GASTech - Kronos
Lars Azada,,,,,Tethys Defense Force | GASTech - Kronos,GASTech - Kronos,GASTech - Kronos,GASTech - Kronos,GASTech - Kronos,GASTech - Kronos,GASTech - Kronos,GASTech - Kronos,GASTech - Kronos,GASTech - Kronos,GASTech - Kronos,GASTech - Kronos,GASTech - Kronos,GASTech - Kronos,GASTech - Kronos,GASTech - Kronos,GASTech - Kronos,GASTech - Kronos,GASTech - Kronos
Lidelse Dedos,"G&A Engineering, Ltd.","G&A Engineering, Ltd.","G&A Engineering, Ltd.","G&A Engineering, Ltd.","G&A Engineering, Ltd.","G&A Engineering, Ltd.","G&A Engineering, Ltd.","G&A Engineering, Ltd.","G&A Engineering, Ltd.","G&A Engineering, Ltd.","G&A Engineering, Ltd.","G&A Engineering, Ltd.","G&A Engineering, Ltd. | GASTech - Kronos",GASTech - Kronos,GASTech - Kronos,GASTech - Kronos,GASTech - Kronos,GASTech - Kronos,GASTech - Kronos,GASTech - Kronos,GASTech - Kronos,GASTech - Kronos,GASTech - Kronos
Linda Lagos,,,,,,,,,,Bank of Kronos,Bank of Kronos,Bank of Kronos,Bank of Kronos,Bank of Kronos,Bank of Kronos,Bank of Kronos,Bank of Kronos,Bank of Kronos,Bank of Kronos,Bank of Kronos | GASTech - Kronos,GASTech - Kronos,GASTech - Kronos,GASTech - Kronos
Linnea Bergen,,IT4U - Tethys,IT4U - Tethys,IT4U - Tethys,IT4U - Tethys,IT4U - Tethys,IT4U - Tethys,IT4U - Tethys,IT4U - Tethys,IT4U - Tethys,IT4U - Tethys,IT4U - Tethys,IT4U - Tethys,IT4U - Tethys | GASTech - Kronos,GASTech - Kronos,GASTech - Kronos,GASTech - Kronos,GASTech - Kronos,GASTech - Kronos,GASTech - Kronos,GASTech - Kronos,GASTech - Kronos,GASTech - Kronos
Loreto Bodrogi,,,,,,,,,,,,,,,,Armed Forces of Kronos,Armed Forces of Kronos,"Armed Forces of Kronos | RQS Security	",,RQS Security,RQS Security,RQS Security,RQS Security | GASTech - Kronos
Lucas Alcazar,,,,,,,,,,,,,,,,,,,,GASTech – Kronos,GASTech – Kronos,GASTech – Kronos,GASTech – Kronos
Marin Onda,,,,,,,,,,,,,GASTech - Kronos,GASTech - Kronos,GASTech - Kronos,GASTech - Kronos,GASTech - Kronos,GASTech - Kronos,GASTech - Kronos,GASTech - Kronos,GASTech - Kronos,GASTech - Kronos,GASTech - Kronos
Minke Mies,,,,,,,,,,,,,,,,,,,Armed Forces of Kronos,Armed Forces of Kronos,Armed Forces of Kronos | Bank of Kronos,Bank of Kronos,Bank of Kronos | GASTech - Kronos
Nils Calixto,,,,,,,,,,,,,,GASTech – Kronos  ,GASTech – Kronos  ,GASTech – Kronos  ,GASTech – Kronos  ,GASTech – Kronos  ,GASTech – Kronos  ,GASTech – Kronos  ,GASTech – Kronos  ,GASTech – Kronos  ,GASTech – Kronos  
Rachel Pantanal,,,,,,,,,,,,,,XYZ Manufacturing,XYZ Manufacturing,XYZ Manufacturing,XYZ Manufacturing,XYZ Manufacturing,XYZ Manufacturing,XYZ Manufacturing,XYZ Manufacturing,XYZ Manufacturing,XYZ Manufacturing | GASTech - Kronos
Stenig Fusil,"Srithal County, Tethys ","Srithal County, Tethys ","Srithal County, Tethys ","Srithal County, Tethys ","Srithal County, Tethys ","Srithal County, Tethys ","Srithal County, Tethys | Myxllink, Ltd.,  Tethys","Myxllink, Ltd.,  Tethys","Myxllink, Ltd.,  Tethys","Myxllink, Ltd.,  Tethys","Myxllink, Ltd.,  Tethys","Myxllink, Ltd.,  Tethys","Myxllink, Ltd.,  Tethys","Myxllink, Ltd.,  Tethys | GASTech - Kronos",GASTech - Kronos,GASTech - Kronos,GASTech - Kronos,GASTech - Kronos,GASTech - Kronos,GASTech - Kronos,GASTech - Kronos,GASTech - Kronos,GASTech - Kronos
Sven Flecha,,,,,,,,,,,,,,,,,"Department of Commerce, Tethys","Department of Commerce, Tethys","Department of Commerce, Tethys","Department of Commerce, Tethys | GASTech – Kronos   ",GASTech – Kronos   ,GASTech – Kronos   ,GASTech – Kronos   
